{"cameraMode":{"drawMode":0,"name":"Shaded","section":"Shading Mode"},"sceneLighting":false,"audioPlay":false,"sceneViewState":{"showFog":true,"showMaterialUpdate":false,"showSkybox":true,"showFlares":true,"showImageEffects":true,"showParticleSystems":true},"in2DMode":false,"pivot":{"x":0.04325968027114868,"y":0.7680189609527588,"z":0.031650692224502566},"rotation":{"x":-0.04080042615532875,"y":-0.9592037796974182,"z":0.19874759018421174,"w":-0.19688279926776887},"size":4.252712726593018,"orthographic":false}