{"cameraMode":{"drawMode":0,"name":"Shaded","section":"Shading Mode"},"sceneLighting":false,"audioPlay":false,"sceneViewState":{"showFog":true,"showMaterialUpdate":false,"showSkybox":true,"showFlares":true,"showImageEffects":true,"showParticleSystems":true},"in2DMode":false,"pivot":{"x":0.20206642150878907,"y":7.572681427001953,"z":-1.2353153228759766},"rotation":{"x":-0.02866233140230179,"y":-0.9644635915756226,"z":0.23480388522148133,"w":-0.1177094355225563},"size":42.13340759277344,"orthographic":false}