{"cameraMode":{"drawMode":0,"name":"Shaded","section":"Shading Mode"},"sceneLighting":false,"audioPlay":false,"sceneViewState":{"showFog":true,"showMaterialUpdate":false,"showSkybox":true,"showFlares":true,"showImageEffects":true,"showParticleSystems":true},"in2DMode":false,"pivot":{"x":-0.13881993293762208,"y":2.714207649230957,"z":0.43473851680755618},"rotation":{"x":-0.07100947201251984,"y":-0.9196505546569824,"z":0.1963154524564743,"w":-0.33265700936317446},"size":16.52297592163086,"orthographic":false}