{"cameraMode":{"drawMode":0,"name":"Shaded","section":"Shading Mode"},"sceneLighting":false,"audioPlay":false,"sceneViewState":{"showFog":true,"showMaterialUpdate":false,"showSkybox":true,"showFlares":true,"showImageEffects":true,"showParticleSystems":true},"in2DMode":false,"pivot":{"x":9.5367431640625e-7,"y":3.4078030586242677,"z":0.016583643853664399},"rotation":{"x":-0.25632503628730776,"y":0.23284922540187837,"z":-0.06377450376749039,"w":-0.9359549283981323},"size":17.659366607666017,"orthographic":false}