{"cameraMode":{"drawMode":0,"name":"Shaded","section":"Shading Mode"},"sceneLighting":false,"audioPlay":false,"sceneViewState":{"showFog":true,"showMaterialUpdate":false,"showSkybox":true,"showFlares":true,"showImageEffects":true,"showParticleSystems":true},"in2DMode":false,"pivot":{"x":-0.030180931091308595,"y":2.1132149696350099,"z":-0.0561976432800293},"rotation":{"x":0.052951548248529437,"y":-0.7833738923072815,"z":0.0673903226852417,"w":0.615613579750061},"size":16.23208236694336,"orthographic":false}