{"cameraMode":{"drawMode":0,"name":"Shaded","section":"Shading Mode"},"sceneLighting":false,"audioPlay":false,"sceneViewState":{"showFog":true,"showMaterialUpdate":false,"showSkybox":true,"showFlares":true,"showImageEffects":true,"showParticleSystems":true},"in2DMode":false,"pivot":{"x":0.3471968173980713,"y":2.7776527404785158,"z":0.9910142421722412},"rotation":{"x":0.38181450963020327,"y":-0.1894531548023224,"z":0.08028572052717209,"w":0.9010434746742249},"size":31.90433120727539,"orthographic":false}