{"cameraMode":{"drawMode":0,"name":"Shaded","section":"Shading Mode"},"sceneLighting":false,"audioPlay":false,"sceneViewState":{"showFog":true,"showMaterialUpdate":false,"showSkybox":true,"showFlares":true,"showImageEffects":true,"showParticleSystems":true},"in2DMode":false,"pivot":{"x":0.05678236484527588,"y":1.0480259656906129,"z":0.22738778591156007},"rotation":{"x":0.03314870595932007,"y":0.9396560788154602,"z":-0.32691338658332827,"w":0.09526468813419342},"size":3.625735282897949,"orthographic":false}