{"cameraMode":{"drawMode":0,"name":"Shaded","section":"Shading Mode"},"sceneLighting":false,"audioPlay":false,"sceneViewState":{"showFog":true,"showMaterialUpdate":false,"showSkybox":true,"showFlares":true,"showImageEffects":true,"showParticleSystems":true},"in2DMode":false,"pivot":{"x":-0.01222229190170765,"y":2.0468087196350099,"z":-0.14489631354808808},"rotation":{"x":0.27529338002204897,"y":0.6880195140838623,"z":-0.32122543454170229,"w":0.5896245241165161},"size":5.932663917541504,"orthographic":false}