{"cameraMode":{"drawMode":0,"name":"Shaded","section":"Shading Mode"},"sceneLighting":false,"audioPlay":false,"sceneViewState":{"showFog":true,"showMaterialUpdate":false,"showSkybox":true,"showFlares":true,"showImageEffects":true,"showParticleSystems":true},"in2DMode":false,"pivot":{"x":2.4324679374694826,"y":1.9815971851348878,"z":-0.6976834535598755},"rotation":{"x":-0.11965682357549668,"y":-0.8722773194313049,"z":0.26582571864128115,"w":-0.39262107014656069},"size":29.453161239624025,"orthographic":false}