{"cameraMode":{"drawMode":0,"name":"Shaded","section":"Shading Mode"},"sceneLighting":false,"audioPlay":false,"sceneViewState":{"showFog":true,"showMaterialUpdate":false,"showSkybox":true,"showFlares":true,"showImageEffects":true,"showParticleSystems":true},"in2DMode":false,"pivot":{"x":-1.7881393432617188e-7,"y":0.31604209542274477,"z":7.450580596923828e-8},"rotation":{"x":-0.0009101430187001824,"y":-0.9920399785041809,"z":-0.007131682708859444,"w":0.1257178634405136},"size":1.3634501695632935,"orthographic":false}