{"cameraMode":{"drawMode":0,"name":"Shaded","section":"Shading Mode"},"sceneLighting":false,"audioPlay":false,"sceneViewState":{"showFog":true,"showMaterialUpdate":false,"showSkybox":true,"showFlares":true,"showImageEffects":true,"showParticleSystems":true},"in2DMode":false,"pivot":{"x":5.960464477539063e-8,"y":0.7890380024909973,"z":0.13318148255348206},"rotation":{"x":-0.010520286858081818,"y":0.9064568877220154,"z":-0.42156022787094118,"w":-0.022632775828242303},"size":4.8303046226501469,"orthographic":false}