{"cameraMode":{"drawMode":0,"name":"Shaded","section":"Shading Mode"},"sceneLighting":false,"audioPlay":false,"sceneViewState":{"showFog":true,"showMaterialUpdate":false,"showSkybox":true,"showFlares":true,"showImageEffects":true,"showParticleSystems":true},"in2DMode":false,"pivot":{"x":0.0002060532569885254,"y":0.7702282667160034,"z":-0.05568164587020874},"rotation":{"x":-0.019353460520505906,"y":0.9437834620475769,"z":-0.32517921924591067,"w":-0.05618607997894287},"size":4.700545310974121,"orthographic":false}