{"cameraMode":{"drawMode":0,"name":"Shaded","section":"Shading Mode"},"sceneLighting":false,"audioPlay":false,"sceneViewState":{"showFog":true,"showMaterialUpdate":false,"showSkybox":true,"showFlares":true,"showImageEffects":true,"showParticleSystems":true},"in2DMode":false,"pivot":{"x":-4.809353828430176,"y":2.5914130210876467,"z":2.8301658630371095},"rotation":{"x":-0.07117905467748642,"y":0.9268516302108765,"z":-0.29007652401924136,"w":-0.22745394706726075},"size":8.418272972106934,"orthographic":false}