{"cameraMode":{"drawMode":0,"name":"Shaded","section":"Shading Mode"},"sceneLighting":false,"audioPlay":false,"sceneViewState":{"showFog":true,"showMaterialUpdate":false,"showSkybox":true,"showFlares":true,"showImageEffects":true,"showParticleSystems":true},"in2DMode":false,"pivot":{"x":85.30586242675781,"y":1.0416001081466675,"z":53.470001220703128},"rotation":{"x":-0.22619019448757173,"y":0.49806469678878786,"z":-0.13640820980072022,"w":-0.825931191444397},"size":3.291663646697998,"orthographic":false}