{"cameraMode":{"drawMode":0,"name":"Shaded","section":"Shading Mode"},"sceneLighting":false,"audioPlay":false,"sceneViewState":{"showFog":true,"showMaterialUpdate":false,"showSkybox":true,"showFlares":true,"showImageEffects":true,"showParticleSystems":true},"in2DMode":false,"pivot":{"x":-1.7256158590316773,"y":2.905536413192749,"z":4.102887153625488},"rotation":{"x":-0.18712210655212403,"y":-0.8085278272628784,"z":0.43835529685020449,"w":-0.345127135515213},"size":24.450658798217775,"orthographic":false}