{"cameraMode":{"drawMode":0,"name":"Shaded","section":"Shading Mode"},"sceneLighting":false,"audioPlay":false,"sceneViewState":{"showFog":true,"showMaterialUpdate":false,"showSkybox":true,"showFlares":true,"showImageEffects":true,"showParticleSystems":true},"in2DMode":false,"pivot":{"x":107.80701446533203,"y":1.4019999504089356,"z":40.996002197265628},"rotation":{"x":0.0613601952791214,"y":0.9386163949966431,"z":-0.2359805703163147,"w":0.2440233826637268},"size":0.22863413393497468,"orthographic":false}