{"cameraMode":{"drawMode":0,"name":"Shaded","section":"Shading Mode"},"sceneLighting":false,"audioPlay":false,"sceneViewState":{"showFog":true,"showMaterialUpdate":false,"showSkybox":true,"showFlares":true,"showImageEffects":true,"showParticleSystems":true},"in2DMode":false,"pivot":{"x":0.947830855846405,"y":0.5779125690460205,"z":0.15225648880004884},"rotation":{"x":0.043232500553131106,"y":0.9439572095870972,"z":-0.29698246717453005,"w":0.13739433884620667},"size":5.981075763702393,"orthographic":false}