{"cameraMode":{"drawMode":0,"name":"Shaded","section":"Shading Mode"},"sceneLighting":false,"audioPlay":false,"sceneViewState":{"showFog":true,"showMaterialUpdate":false,"showSkybox":true,"showFlares":true,"showImageEffects":true,"showParticleSystems":true},"in2DMode":false,"pivot":{"x":0.6018829345703125,"y":0.9701476097106934,"z":0.6288356781005859},"rotation":{"x":-0.3640141487121582,"y":-0.176177978515625,"z":0.07032328099012375,"w":-0.9118715524673462},"size":7.357054233551025,"orthographic":false}