{"cameraMode":{"drawMode":0,"name":"Shaded","section":"Shading Mode"},"sceneLighting":false,"audioPlay":false,"sceneViewState":{"showFog":true,"showMaterialUpdate":false,"showSkybox":true,"showFlares":true,"showImageEffects":true,"showParticleSystems":true},"in2DMode":false,"pivot":{"x":-0.6414058208465576,"y":2.275177001953125,"z":1.031869888305664},"rotation":{"x":-0.03399189934134483,"y":-0.9649491906166077,"z":0.1594965159893036,"w":-0.20561762154102326},"size":31.74176025390625,"orthographic":false}