{"cameraMode":{"drawMode":0,"name":"Shaded","section":"Shading Mode"},"sceneLighting":false,"audioPlay":false,"sceneViewState":{"showFog":true,"showMaterialUpdate":false,"showSkybox":true,"showFlares":true,"showImageEffects":true,"showParticleSystems":true},"in2DMode":false,"pivot":{"x":13.030975341796875,"y":1.2998878955841065,"z":16.924877166748048},"rotation":{"x":-0.04690203443169594,"y":0.8706722855567932,"z":-0.48224225640296938,"w":-0.0846903994679451},"size":14.715155601501465,"orthographic":false}