{"cameraMode":{"drawMode":0,"name":"Shaded","section":"Shading Mode"},"sceneLighting":false,"audioPlay":false,"sceneViewState":{"showFog":true,"showMaterialUpdate":false,"showSkybox":true,"showFlares":true,"showImageEffects":true,"showParticleSystems":true},"in2DMode":false,"pivot":{"x":0.06534089148044586,"y":0.23523055016994477,"z":0.0076967403292655949},"rotation":{"x":-0.0009101430187001824,"y":-0.9920399785041809,"z":-0.007131682708859444,"w":0.1257178634405136},"size":2.906895160675049,"orthographic":false}