{"cameraMode":{"drawMode":0,"name":"Shaded","section":"Shading Mode"},"sceneLighting":false,"audioPlay":false,"sceneViewState":{"showFog":true,"showMaterialUpdate":false,"showSkybox":true,"showFlares":true,"showImageEffects":true,"showParticleSystems":true},"in2DMode":false,"pivot":{"x":-0.7712349891662598,"y":1.5480557680130005,"z":-0.18371033668518067},"rotation":{"x":-0.004537176340818405,"y":-0.9413920640945435,"z":0.3370463252067566,"w":-0.012658322229981423},"size":25.711442947387697,"orthographic":false}