{"cameraMode":{"drawMode":0,"name":"Shaded","section":"Shading Mode"},"sceneLighting":false,"audioPlay":false,"sceneViewState":{"showFog":true,"showMaterialUpdate":false,"showSkybox":true,"showFlares":true,"showImageEffects":true,"showParticleSystems":true},"in2DMode":false,"pivot":{"x":0.04763329029083252,"y":0.2558896243572235,"z":0.01815997064113617},"rotation":{"x":0.06656035035848618,"y":-0.9332074522972107,"z":0.2600943148136139,"w":0.23884019255638123},"size":2.9959447383880617,"orthographic":false}