{"cameraMode":{"drawMode":0,"name":"Shaded","section":"Shading Mode"},"sceneLighting":false,"audioPlay":false,"sceneViewState":{"showFog":true,"showMaterialUpdate":false,"showSkybox":true,"showFlares":true,"showImageEffects":true,"showParticleSystems":true},"in2DMode":false,"pivot":{"x":1.4665111303329468,"y":1.0786991119384766,"z":0.22780561447143556},"rotation":{"x":0.04878620058298111,"y":0.9442336559295654,"z":-0.2815757989883423,"w":0.16357821226119996},"size":4.986307621002197,"orthographic":false}