{"cameraMode":{"drawMode":0,"name":"Shaded","section":"Shading Mode"},"sceneLighting":false,"audioPlay":false,"sceneViewState":{"showFog":true,"showMaterialUpdate":false,"showSkybox":true,"showFlares":true,"showImageEffects":true,"showParticleSystems":true},"in2DMode":false,"pivot":{"x":0.004308611154556274,"y":0.7777137160301209,"z":0.024274885654449464},"rotation":{"x":0.07300253212451935,"y":0.9184696674346924,"z":-0.20183011889457704,"w":0.33218783140182497},"size":3.3885080814361574,"orthographic":false}