{"cameraMode":{"drawMode":0,"name":"Shaded","section":"Shading Mode"},"sceneLighting":false,"audioPlay":false,"sceneViewState":{"showFog":true,"showMaterialUpdate":false,"showSkybox":true,"showFlares":true,"showImageEffects":true,"showParticleSystems":true},"in2DMode":false,"pivot":{"x":13.030975341796875,"y":1.2998878955841065,"z":16.924877166748048},"rotation":{"x":0.09587372094392777,"y":-0.697022557258606,"z":0.09489788115024567,"w":0.7042458653450012},"size":14.715155601501465,"orthographic":false}