{"cameraMode":{"drawMode":0,"name":"Shaded","section":"Shading Mode"},"sceneLighting":false,"audioPlay":false,"sceneViewState":{"showFog":true,"showMaterialUpdate":false,"showSkybox":true,"showFlares":true,"showImageEffects":true,"showParticleSystems":true},"in2DMode":false,"pivot":{"x":-0.07131868600845337,"y":1.1165492534637452,"z":0.2467559576034546},"rotation":{"x":0.022521046921610833,"y":0.9464080929756165,"z":-0.3150067925453186,"w":0.06764165312051773},"size":3.860865354537964,"orthographic":false}