{"cameraMode":{"drawMode":0,"name":"Shaded","section":"Shading Mode"},"sceneLighting":false,"audioPlay":false,"sceneViewState":{"showFog":true,"showMaterialUpdate":false,"showSkybox":true,"showFlares":true,"showImageEffects":true,"showParticleSystems":true},"in2DMode":false,"pivot":{"x":-0.3647465705871582,"y":3.0194149017333986,"z":-0.5007762908935547},"rotation":{"x":0.0438036173582077,"y":-0.5896816849708557,"z":0.03206133469939232,"w":0.8058094382286072},"size":39.5853385925293,"orthographic":false}