{"cameraMode":{"drawMode":0,"name":"Shaded","section":"Shading Mode"},"sceneLighting":false,"audioPlay":false,"sceneViewState":{"showFog":true,"showMaterialUpdate":false,"showSkybox":true,"showFlares":true,"showImageEffects":true,"showParticleSystems":true},"in2DMode":false,"pivot":{"x":-43.81450271606445,"y":3.2589612007141115,"z":-4.862481117248535},"rotation":{"x":0.25960206985473635,"y":-0.4650626480579376,"z":0.14478804171085359,"w":0.8338824510574341},"size":12.563314437866211,"orthographic":false}