{"cameraMode":{"drawMode":0,"name":"Shaded","section":"Shading Mode"},"sceneLighting":false,"audioPlay":false,"sceneViewState":{"showFog":true,"showMaterialUpdate":false,"showSkybox":true,"showFlares":true,"showImageEffects":true,"showParticleSystems":true},"in2DMode":false,"pivot":{"x":1.3211708068847657,"y":0.8697993755340576,"z":0.9202909469604492},"rotation":{"x":-0.15801763534545899,"y":-0.38846734166145327,"z":0.06780629605054856,"w":-0.9052767157554627},"size":8.694713592529297,"orthographic":false}