{"cameraMode":{"drawMode":0,"name":"Shaded","section":"Shading Mode"},"sceneLighting":false,"audioPlay":false,"sceneViewState":{"showFog":true,"showMaterialUpdate":false,"showSkybox":true,"showFlares":true,"showImageEffects":true,"showParticleSystems":true},"in2DMode":false,"pivot":{"x":-0.4337424635887146,"y":3.584246873855591,"z":-0.7220430374145508},"rotation":{"x":-0.006345726549625397,"y":-0.9739348292350769,"z":-0.027462853118777276,"w":0.2250698357820511},"size":19.369674682617189,"orthographic":false}