{"cameraMode":{"drawMode":0,"name":"Shaded","section":"Shading Mode"},"sceneLighting":false,"audioPlay":false,"sceneViewState":{"showFog":true,"showMaterialUpdate":false,"showSkybox":true,"showFlares":true,"showImageEffects":true,"showParticleSystems":true},"in2DMode":false,"pivot":{"x":-88.65664672851563,"y":2.0868310928344728,"z":-89.17536926269531},"rotation":{"x":-0.21462984383106233,"y":0.5023452043533325,"z":-0.13031655550003053,"w":-0.827406108379364},"size":18.004140853881837,"orthographic":false}