{"cameraMode":{"drawMode":0,"name":"Shaded","section":"Shading Mode"},"sceneLighting":false,"audioPlay":false,"sceneViewState":{"showFog":true,"showMaterialUpdate":false,"showSkybox":true,"showFlares":true,"showImageEffects":true,"showParticleSystems":true},"in2DMode":false,"pivot":{"x":129.79251098632813,"y":2.8285152912139894,"z":137.61248779296876},"rotation":{"x":0.39442068338394167,"y":0.2905559241771698,"z":-0.1330072581768036,"w":0.861579179763794},"size":25.961496353149415,"orthographic":false}