{"cameraMode":{"drawMode":0,"name":"Shaded","section":"Shading Mode"},"sceneLighting":false,"audioPlay":false,"sceneViewState":{"showFog":true,"showMaterialUpdate":false,"showSkybox":true,"showFlares":true,"showImageEffects":true,"showParticleSystems":true},"in2DMode":false,"pivot":{"x":2.051054000854492,"y":1.3859144449234009,"z":1.0238879919052125},"rotation":{"x":0.0071482229977846149,"y":0.9800407886505127,"z":-0.19541119039058686,"w":0.03582479804754257},"size":1.3973791599273682,"orthographic":false}