{"cameraMode":{"drawMode":0,"name":"Shaded","section":"Shading Mode"},"sceneLighting":false,"audioPlay":false,"sceneViewState":{"showFog":true,"showMaterialUpdate":false,"showSkybox":true,"showFlares":true,"showImageEffects":true,"showParticleSystems":true},"in2DMode":false,"pivot":{"x":0.36136436462402346,"y":3.1903953552246095,"z":-0.41598987579345705},"rotation":{"x":-0.03399189934134483,"y":-0.9649491906166077,"z":0.1594965159893036,"w":-0.20561762154102326},"size":37.83955764770508,"orthographic":false}