{"cameraMode":{"drawMode":0,"name":"Shaded","section":"Shading Mode"},"sceneLighting":false,"audioPlay":false,"sceneViewState":{"showFog":true,"showMaterialUpdate":false,"showSkybox":true,"showFlares":true,"showImageEffects":true,"showParticleSystems":true},"in2DMode":false,"pivot":{"x":1.176336407661438,"y":-2.390812397003174,"z":-0.4459765553474426},"rotation":{"x":0.05657486617565155,"y":0.8632120490074158,"z":-0.4917346239089966,"w":0.0993039458990097},"size":8.506686210632325,"orthographic":false}