{"cameraMode":{"drawMode":0,"name":"Shaded","section":"Shading Mode"},"sceneLighting":false,"audioPlay":false,"sceneViewState":{"showFog":true,"showMaterialUpdate":false,"showSkybox":true,"showFlares":true,"showImageEffects":true,"showParticleSystems":true},"in2DMode":false,"pivot":{"x":-0.24668294191360475,"y":4.860152721405029,"z":-0.030277371406555177},"rotation":{"x":-0.006345726549625397,"y":-0.9739348292350769,"z":-0.027462853118777276,"w":0.2250698357820511},"size":18.7021427154541,"orthographic":false}