{"cameraMode":{"drawMode":0,"name":"Shaded","section":"Shading Mode"},"sceneLighting":false,"audioPlay":false,"sceneViewState":{"showFog":true,"showMaterialUpdate":false,"showSkybox":true,"showFlares":true,"showImageEffects":true,"showParticleSystems":true},"in2DMode":false,"pivot":{"x":7.005168914794922,"y":0.6600155830383301,"z":0.012242555618286133},"rotation":{"x":0.09817072004079819,"y":0.9012472033500671,"z":-0.3150658905506134,"w":0.28080159425735476},"size":3.588679313659668,"orthographic":false}