{"cameraMode":{"drawMode":0,"name":"Shaded","section":"Shading Mode"},"sceneLighting":false,"audioPlay":false,"sceneViewState":{"showFog":true,"showMaterialUpdate":false,"showSkybox":true,"showFlares":true,"showImageEffects":true,"showParticleSystems":true},"in2DMode":false,"pivot":{"x":15.138370513916016,"y":1.2998878955841065,"z":19.782135009765626},"rotation":{"x":0.5460729598999023,"y":0.01738729700446129,"z":-0.011332524940371514,"w":0.8374805450439453},"size":17.596302032470704,"orthographic":false}