{"cameraMode":{"drawMode":0,"name":"Shaded","section":"Shading Mode"},"sceneLighting":false,"audioPlay":false,"sceneViewState":{"showFog":true,"showMaterialUpdate":false,"showSkybox":true,"showFlares":true,"showImageEffects":true,"showParticleSystems":true},"in2DMode":false,"pivot":{"x":-0.004355907440185547,"y":2.4271349906921388,"z":-1.7674627304077149},"rotation":{"x":0.026100214570760728,"y":-0.9624017477035523,"z":0.251193106174469,"w":0.10001865029335022},"size":22.37769317626953,"orthographic":false}