{"cameraMode":{"drawMode":0,"name":"Shaded","section":"Shading Mode"},"sceneLighting":false,"audioPlay":false,"sceneViewState":{"showFog":true,"showMaterialUpdate":false,"showSkybox":true,"showFlares":true,"showImageEffects":true,"showParticleSystems":true},"in2DMode":false,"pivot":{"x":43.20000076293945,"y":0.12999999523162843,"z":27.459999084472658},"rotation":{"x":0.015468424186110497,"y":-0.8431380391120911,"z":0.024300646036863328,"w":0.5369250178337097},"size":58.33654022216797,"orthographic":false}