{"cameraMode":{"drawMode":0,"name":"Shaded","section":"Shading Mode"},"sceneLighting":false,"audioPlay":false,"sceneViewState":{"showFog":true,"showMaterialUpdate":false,"showSkybox":true,"showFlares":true,"showImageEffects":true,"showParticleSystems":true},"in2DMode":false,"pivot":{"x":74.224609375,"y":14.834375381469727,"z":38.81216049194336},"rotation":{"x":-0.21462984383106233,"y":0.5023452043533325,"z":-0.13031655550003053,"w":-0.827406108379364},"size":6.423464775085449,"orthographic":false}