{"cameraMode":{"drawMode":0,"name":"Shaded","section":"Shading Mode"},"sceneLighting":false,"audioPlay":false,"sceneViewState":{"showFog":true,"showMaterialUpdate":false,"showSkybox":true,"showFlares":true,"showImageEffects":true,"showParticleSystems":true},"in2DMode":false,"pivot":{"x":52.472999572753909,"y":-0.30000001192092898,"z":125.94999694824219},"rotation":{"x":0.0438036173582077,"y":-0.5896816849708557,"z":0.03206133469939232,"w":0.8058094382286072},"size":22.0,"orthographic":false}