{"cameraMode":{"drawMode":0,"name":"Shaded","section":"Shading Mode"},"sceneLighting":false,"audioPlay":false,"sceneViewState":{"showFog":true,"showMaterialUpdate":false,"showSkybox":true,"showFlares":true,"showImageEffects":true,"showParticleSystems":true},"in2DMode":false,"pivot":{"x":1.093482255935669,"y":1.8442418575286866,"z":0.030321180820465089},"rotation":{"x":0.010893619619309903,"y":-0.979968249797821,"z":0.19081634283065797,"w":0.05597122386097908},"size":14.81131362915039,"orthographic":false}