{"cameraMode":{"drawMode":0,"name":"Shaded","section":"Shading Mode"},"sceneLighting":false,"audioPlay":false,"sceneViewState":{"showFog":true,"showMaterialUpdate":false,"showSkybox":true,"showFlares":true,"showImageEffects":true,"showParticleSystems":true},"in2DMode":false,"pivot":{"x":-2.430835008621216,"y":0.982856273651123,"z":-0.42815303802490237},"rotation":{"x":0.00283337221480906,"y":0.9409375190734863,"z":-0.3384772837162018,"w":0.007857516407966614},"size":6.18630838394165,"orthographic":false}