{"cameraMode":{"drawMode":0,"name":"Shaded","section":"Shading Mode"},"sceneLighting":false,"audioPlay":false,"sceneViewState":{"showFog":true,"showMaterialUpdate":false,"showSkybox":true,"showFlares":true,"showImageEffects":true,"showParticleSystems":true},"in2DMode":false,"pivot":{"x":0.020785808563232423,"y":0.7680189609527588,"z":0.10446467995643616},"rotation":{"x":-0.01375771127641201,"y":0.9734886288642883,"z":-0.22005364298820496,"w":-0.06088530644774437},"size":4.234308242797852,"orthographic":false}