{"cameraMode":{"drawMode":0,"name":"Shaded","section":"Shading Mode"},"sceneLighting":false,"audioPlay":false,"sceneViewState":{"showFog":true,"showMaterialUpdate":false,"showSkybox":true,"showFlares":true,"showImageEffects":true,"showParticleSystems":true},"in2DMode":false,"pivot":{"x":1.7748351097106934,"y":2.678072690963745,"z":1.5430474281311036},"rotation":{"x":-0.030881794169545175,"y":0.9558826088905335,"z":-0.27105408906936648,"w":-0.10892443358898163},"size":3.1663405895233156,"orthographic":false}