{"cameraMode":{"drawMode":0,"name":"Shaded","section":"Shading Mode"},"sceneLighting":false,"audioPlay":false,"sceneViewState":{"showFog":true,"showMaterialUpdate":false,"showSkybox":true,"showFlares":true,"showImageEffects":true,"showParticleSystems":true},"in2DMode":false,"pivot":{"x":-0.015081644058227539,"y":1.831493616104126,"z":0.10867738723754883},"rotation":{"x":0.16561254858970643,"y":-0.5401830077171326,"z":0.10939921438694,"w":0.8178060054779053},"size":9.801532745361329,"orthographic":false}