{"cameraMode":{"drawMode":0,"name":"Shaded","section":"Shading Mode"},"sceneLighting":false,"audioPlay":false,"sceneViewState":{"showFog":true,"showMaterialUpdate":false,"showSkybox":true,"showFlares":true,"showImageEffects":true,"showParticleSystems":true},"in2DMode":false,"pivot":{"x":-0.24618303775787354,"y":4.5265021324157719,"z":-0.010048151016235352},"rotation":{"x":0.07670608907938004,"y":-0.9200312495231628,"z":0.22837914526462556,"w":0.3090335428714752},"size":20.261648178100587,"orthographic":false}