{"cameraMode":{"drawMode":0,"name":"Shaded","section":"Shading Mode"},"sceneLighting":false,"audioPlay":false,"sceneViewState":{"showFog":true,"showMaterialUpdate":false,"showSkybox":true,"showFlares":true,"showImageEffects":true,"showParticleSystems":true},"in2DMode":false,"pivot":{"x":-9.310209274291993,"y":0.011373519897460938,"z":-1.0832996368408204},"rotation":{"x":0.39442068338394167,"y":0.2905559241771698,"z":-0.1330072581768036,"w":0.861579179763794},"size":9.127622604370118,"orthographic":false}