{"cameraMode":{"drawMode":0,"name":"Shaded","section":"Shading Mode"},"sceneLighting":false,"audioPlay":false,"sceneViewState":{"showFog":true,"showMaterialUpdate":false,"showSkybox":true,"showFlares":true,"showImageEffects":true,"showParticleSystems":true},"in2DMode":false,"pivot":{"x":0.364727258682251,"y":3.227766275405884,"z":0.2620697021484375},"rotation":{"x":-0.06541770696640015,"y":-0.9328556060791016,"z":0.2781819701194763,"w":-0.21935303509235383},"size":32.61424255371094,"orthographic":false}