{"cameraMode":{"drawMode":0,"name":"Shaded","section":"Shading Mode"},"sceneLighting":false,"audioPlay":false,"sceneViewState":{"showFog":true,"showMaterialUpdate":false,"showSkybox":true,"showFlares":true,"showImageEffects":true,"showParticleSystems":true},"in2DMode":false,"pivot":{"x":13.030975341796875,"y":1.2998878955841065,"z":16.924877166748048},"rotation":{"x":-0.21462984383106233,"y":0.5023452043533325,"z":-0.13031655550003053,"w":-0.827406108379364},"size":14.715155601501465,"orthographic":false}