{"cameraMode":{"drawMode":0,"name":"Shaded","section":"Shading Mode"},"sceneLighting":false,"audioPlay":false,"sceneViewState":{"showFog":true,"showMaterialUpdate":false,"showSkybox":true,"showFlares":true,"showImageEffects":true,"showParticleSystems":true},"in2DMode":false,"pivot":{"x":-0.3357362151145935,"y":1.0925828218460084,"z":-0.02659130096435547},"rotation":{"x":-0.007395921275019646,"y":0.9667941331863403,"z":-0.25388941168785097,"w":-0.02818865329027176},"size":3.186307191848755,"orthographic":false}