{"cameraMode":{"drawMode":0,"name":"Shaded","section":"Shading Mode"},"sceneLighting":false,"audioPlay":false,"sceneViewState":{"showFog":true,"showMaterialUpdate":false,"showSkybox":true,"showFlares":true,"showImageEffects":true,"showParticleSystems":true},"in2DMode":false,"pivot":{"x":-1.2967674732208253,"y":0.6298761367797852,"z":-1.843946933746338},"rotation":{"x":0.06258648633956909,"y":-0.9373509287834168,"z":0.23716334998607636,"w":0.24740618467330934},"size":6.538806915283203,"orthographic":false}