{"cameraMode":{"drawMode":0,"name":"Shaded","section":"Shading Mode"},"sceneLighting":false,"audioPlay":false,"sceneViewState":{"showFog":true,"showMaterialUpdate":false,"showSkybox":true,"showFlares":true,"showImageEffects":true,"showParticleSystems":true},"in2DMode":false,"pivot":{"x":-2.210402011871338,"y":0.6344833374023438,"z":-1.0218572616577149},"rotation":{"x":0.14674903452396394,"y":-0.8531769514083862,"z":0.34802481532096865,"w":0.35976749658584597},"size":20.732677459716798,"orthographic":false}