{"cameraMode":{"drawMode":0,"name":"Shaded","section":"Shading Mode"},"sceneLighting":false,"audioPlay":false,"sceneViewState":{"showFog":true,"showMaterialUpdate":false,"showSkybox":true,"showFlares":true,"showImageEffects":true,"showParticleSystems":true},"in2DMode":false,"pivot":{"x":-1.3360085487365723,"y":5.275448799133301,"z":0.5880725383758545},"rotation":{"x":-0.02287544496357441,"y":0.9769458770751953,"z":-0.14047467708587647,"w":-0.15912415087223054},"size":19.8865966796875,"orthographic":false}