{"cameraMode":{"drawMode":0,"name":"Shaded","section":"Shading Mode"},"sceneLighting":false,"audioPlay":false,"sceneViewState":{"showFog":true,"showMaterialUpdate":false,"showSkybox":true,"showFlares":true,"showImageEffects":true,"showParticleSystems":true},"in2DMode":false,"pivot":{"x":0.09003913402557373,"y":0.7521263360977173,"z":-0.20333397388458253},"rotation":{"x":-0.2512919306755066,"y":-0.4235216975212097,"z":0.12353477627038956,"w":-0.8615224957466126},"size":9.079079627990723,"orthographic":false}