{"cameraMode":{"drawMode":0,"name":"Shaded","section":"Shading Mode"},"sceneLighting":false,"audioPlay":false,"sceneViewState":{"showFog":true,"showMaterialUpdate":false,"showSkybox":true,"showFlares":true,"showImageEffects":true,"showParticleSystems":true},"in2DMode":false,"pivot":{"x":0.10659217834472656,"y":4.977598667144775,"z":-0.49260878562927248},"rotation":{"x":-0.010919380933046341,"y":-0.962095320224762,"z":0.2696993052959442,"w":-0.03893396258354187},"size":34.910011291503909,"orthographic":false}