{"cameraMode":{"drawMode":0,"name":"Shaded","section":"Shading Mode"},"sceneLighting":false,"audioPlay":false,"sceneViewState":{"showFog":true,"showMaterialUpdate":false,"showSkybox":true,"showFlares":true,"showImageEffects":true,"showParticleSystems":true},"in2DMode":false,"pivot":{"x":93.75146484375,"y":5.871835708618164,"z":140.2101287841797},"rotation":{"x":0.22996455430984498,"y":0.6644300818443298,"z":-0.2266973853111267,"w":0.6739861369132996},"size":33.7262077331543,"orthographic":false}