{"cameraMode":{"drawMode":0,"name":"Shaded","section":"Shading Mode"},"sceneLighting":false,"audioPlay":false,"sceneViewState":{"showFog":true,"showMaterialUpdate":false,"showSkybox":true,"showFlares":true,"showImageEffects":true,"showParticleSystems":true},"in2DMode":false,"pivot":{"x":10.385351181030274,"y":5.174674987792969,"z":18.43709945678711},"rotation":{"x":-0.39846235513687136,"y":0.0752105861902237,"z":-0.03281303867697716,"w":-0.9135066866874695},"size":24.955158233642579,"orthographic":false}