{"cameraMode":{"drawMode":0,"name":"Shaded","section":"Shading Mode"},"sceneLighting":false,"audioPlay":false,"sceneViewState":{"showFog":true,"showMaterialUpdate":false,"showSkybox":true,"showFlares":true,"showImageEffects":true,"showParticleSystems":true},"in2DMode":false,"pivot":{"x":-2.1564512252807619,"y":0.50178062915802,"z":0.4215780794620514},"rotation":{"x":0.39442068338394167,"y":0.2905559241771698,"z":-0.1330072581768036,"w":0.861579179763794},"size":5.154173374176025,"orthographic":false}