{"cameraMode":{"drawMode":0,"name":"Shaded","section":"Shading Mode"},"sceneLighting":false,"audioPlay":false,"sceneViewState":{"showFog":true,"showMaterialUpdate":false,"showSkybox":true,"showFlares":true,"showImageEffects":true,"showParticleSystems":true},"in2DMode":false,"pivot":{"x":-0.44374245405197146,"y":3.584246873855591,"z":-0.7120428085327148},"rotation":{"x":0.07670608907938004,"y":-0.9200312495231628,"z":0.22837914526462556,"w":0.3090335428714752},"size":19.369674682617189,"orthographic":false}