{"cameraMode":{"drawMode":0,"name":"Shaded","section":"Shading Mode"},"sceneLighting":false,"audioPlay":false,"sceneViewState":{"showFog":true,"showMaterialUpdate":false,"showSkybox":true,"showFlares":true,"showImageEffects":true,"showParticleSystems":true},"in2DMode":false,"pivot":{"x":0.0921592116355896,"y":1.9984617233276368,"z":0.5619137287139893},"rotation":{"x":-0.6322365999221802,"y":0.13667774200439454,"z":-0.11461568623781204,"w":-0.7539624571800232},"size":13.38641357421875,"orthographic":false}