{"cameraMode":{"drawMode":0,"name":"Shaded","section":"Shading Mode"},"sceneLighting":false,"audioPlay":false,"sceneViewState":{"showFog":true,"showMaterialUpdate":false,"showSkybox":true,"showFlares":true,"showImageEffects":true,"showParticleSystems":true},"in2DMode":false,"pivot":{"x":8.344650268554688e-7,"y":0.31604239344596865,"z":1.043081283569336e-7},"rotation":{"x":-0.25632503628730776,"y":0.23284922540187837,"z":-0.06377450376749039,"w":-0.9359549283981323},"size":1.8762351274490357,"orthographic":false}