{"cameraMode":{"drawMode":0,"name":"Shaded","section":"Shading Mode"},"sceneLighting":false,"audioPlay":false,"sceneViewState":{"showFog":true,"showMaterialUpdate":false,"showSkybox":true,"showFlares":true,"showImageEffects":true,"showParticleSystems":true},"in2DMode":false,"pivot":{"x":0.12844574451446534,"y":1.154106855392456,"z":0.0653989315032959},"rotation":{"x":-0.09166594594717026,"y":-0.8722079396247864,"z":0.179356187582016,"w":-0.4457375705242157},"size":2.615290880203247,"orthographic":false}