{"cameraMode":{"drawMode":0,"name":"Shaded","section":"Shading Mode"},"sceneLighting":false,"audioPlay":false,"sceneViewState":{"showFog":true,"showMaterialUpdate":false,"showSkybox":true,"showFlares":true,"showImageEffects":true,"showParticleSystems":true},"in2DMode":false,"pivot":{"x":0.0,"y":0.7822537422180176,"z":-0.03663814067840576},"rotation":{"x":0.15520146489143372,"y":0.726792573928833,"z":-0.17463058233261109,"w":0.6459019780158997},"size":4.501932144165039,"orthographic":false}