{"cameraMode":{"drawMode":0,"name":"Shaded","section":"Shading Mode"},"sceneLighting":false,"audioPlay":false,"sceneViewState":{"showFog":true,"showMaterialUpdate":false,"showSkybox":true,"showFlares":true,"showImageEffects":true,"showParticleSystems":true},"in2DMode":false,"pivot":{"x":-0.09476232528686524,"y":2.039896249771118,"z":0.36948156356811526},"rotation":{"x":-0.43782734870910647,"y":0.5580618977546692,"z":-0.4511120021343231,"w":-0.5416384339332581},"size":6.09906530380249,"orthographic":false}