{"cameraMode":{"drawMode":0,"name":"Shaded","section":"Shading Mode"},"sceneLighting":false,"audioPlay":false,"sceneViewState":{"showFog":true,"showMaterialUpdate":false,"showSkybox":true,"showFlares":true,"showImageEffects":true,"showParticleSystems":true},"in2DMode":false,"pivot":{"x":0.11956077814102173,"y":0.3948044776916504,"z":-0.21574647724628449},"rotation":{"x":-0.013148407451808453,"y":-0.9611312747001648,"z":0.04646755009889603,"w":-0.27183565497398379},"size":11.927044868469239,"orthographic":false}