{"cameraMode":{"drawMode":0,"name":"Shaded","section":"Shading Mode"},"sceneLighting":false,"audioPlay":false,"sceneViewState":{"showFog":true,"showMaterialUpdate":false,"showSkybox":true,"showFlares":true,"showImageEffects":true,"showParticleSystems":true},"in2DMode":false,"pivot":{"x":-0.012288123369216919,"y":0.2841648757457733,"z":-0.00540594756603241},"rotation":{"x":-0.0009101430187001824,"y":-0.9920399785041809,"z":-0.007131682708859444,"w":0.1257178634405136},"size":1.2683566808700562,"orthographic":false}