{"cameraMode":{"drawMode":0,"name":"Shaded","section":"Shading Mode"},"sceneLighting":false,"audioPlay":false,"sceneViewState":{"showFog":true,"showMaterialUpdate":false,"showSkybox":true,"showFlares":true,"showImageEffects":true,"showParticleSystems":true},"in2DMode":false,"pivot":{"x":-7.748603820800781e-7,"y":0.34979960322380068,"z":1.1920928955078126e-7},"rotation":{"x":0.06656035035848618,"y":-0.9332074522972107,"z":0.2600943148136139,"w":0.23884019255638123},"size":1.9596152305603028,"orthographic":false}