{"cameraMode":{"drawMode":0,"name":"Shaded","section":"Shading Mode"},"sceneLighting":false,"audioPlay":false,"sceneViewState":{"showFog":true,"showMaterialUpdate":false,"showSkybox":true,"showFlares":true,"showImageEffects":true,"showParticleSystems":true},"in2DMode":false,"pivot":{"x":2.7988760471343996,"y":-1.6598453521728516,"z":-2.7410264015197756},"rotation":{"x":0.10713531821966171,"y":0.7622370719909668,"z":-0.13069544732570649,"w":0.6248483061790466},"size":12.374306678771973,"orthographic":false}