{"cameraMode":{"drawMode":0,"name":"Shaded","section":"Shading Mode"},"sceneLighting":false,"audioPlay":false,"sceneViewState":{"showFog":true,"showMaterialUpdate":false,"showSkybox":true,"showFlares":true,"showImageEffects":true,"showParticleSystems":true},"in2DMode":false,"pivot":{"x":0.6089701652526856,"y":8.7337007522583,"z":0.256420373916626},"rotation":{"x":0.17063267529010774,"y":-0.47896063327789309,"z":0.09550521522760391,"w":0.8557804226875305},"size":20.921062469482423,"orthographic":false}