{"cameraMode":{"drawMode":0,"name":"Shaded","section":"Shading Mode"},"sceneLighting":false,"audioPlay":false,"sceneViewState":{"showFog":true,"showMaterialUpdate":false,"showSkybox":true,"showFlares":true,"showImageEffects":true,"showParticleSystems":true},"in2DMode":false,"pivot":{"x":102.27265930175781,"y":5.703127861022949,"z":130.38613891601563},"rotation":{"x":0.4044452905654907,"y":0.2027856558561325,"z":-0.09245955944061279,"w":0.8869911432266235},"size":30.705766677856447,"orthographic":false}