{"cameraMode":{"drawMode":0,"name":"Shaded","section":"Shading Mode"},"sceneLighting":false,"audioPlay":false,"sceneViewState":{"showFog":true,"showMaterialUpdate":false,"showSkybox":true,"showFlares":true,"showImageEffects":true,"showParticleSystems":true},"in2DMode":false,"pivot":{"x":-24.755680084228517,"y":2.618870258331299,"z":3.165412425994873},"rotation":{"x":0.39442068338394167,"y":0.2905559241771698,"z":-0.1330072581768036,"w":0.861579179763794},"size":22.783246994018556,"orthographic":false}