{"cameraMode":{"drawMode":0,"name":"Shaded","section":"Shading Mode"},"sceneLighting":false,"audioPlay":false,"sceneViewState":{"showFog":true,"showMaterialUpdate":false,"showSkybox":true,"showFlares":true,"showImageEffects":true,"showParticleSystems":true},"in2DMode":false,"pivot":{"x":-0.6819791793823242,"y":1.838416576385498,"z":-1.191950798034668},"rotation":{"x":-0.17469008266925813,"y":-0.8128406405448914,"z":0.30624306201934817,"w":-0.4636688530445099},"size":6.652937889099121,"orthographic":false}