{"cameraMode":{"drawMode":0,"name":"Shaded","section":"Shading Mode"},"sceneLighting":false,"audioPlay":false,"sceneViewState":{"showFog":true,"showMaterialUpdate":false,"showSkybox":true,"showFlares":true,"showImageEffects":true,"showParticleSystems":true},"in2DMode":false,"pivot":{"x":0.9894822239875794,"y":2.3755457401275636,"z":2.3635752201080324},"rotation":{"x":-0.02890959568321705,"y":0.9498700499534607,"z":-0.2972790598869324,"w":-0.09239242970943451},"size":-0.7136927843093872,"orthographic":false}