{"cameraMode":{"drawMode":0,"name":"Shaded","section":"Shading Mode"},"sceneLighting":false,"audioPlay":false,"sceneViewState":{"showFog":true,"showMaterialUpdate":false,"showSkybox":true,"showFlares":true,"showImageEffects":true,"showParticleSystems":true},"in2DMode":false,"pivot":{"x":2.606208324432373,"y":1.7397197484970093,"z":-0.5459020137786865},"rotation":{"x":0.7614322304725647,"y":-0.048184920102357867,"z":0.056977082043886188,"w":0.6439353823661804},"size":7.4223103523254398,"orthographic":false}