{"cameraMode":{"drawMode":0,"name":"Shaded","section":"Shading Mode"},"sceneLighting":false,"audioPlay":false,"sceneViewState":{"showFog":true,"showMaterialUpdate":false,"showSkybox":true,"showFlares":true,"showImageEffects":true,"showParticleSystems":true},"in2DMode":false,"pivot":{"x":-1.7238025665283204,"y":-0.48806238174438479,"z":-0.6189364194869995},"rotation":{"x":0.2619267404079437,"y":-0.6392794251441956,"z":0.2463476061820984,"w":0.6797271966934204},"size":7.443536758422852,"orthographic":false}