{"cameraMode":{"drawMode":0,"name":"Shaded","section":"Shading Mode"},"sceneLighting":false,"audioPlay":false,"sceneViewState":{"showFog":true,"showMaterialUpdate":false,"showSkybox":true,"showFlares":true,"showImageEffects":true,"showParticleSystems":true},"in2DMode":false,"pivot":{"x":0.004803746938705444,"y":0.7672380208969116,"z":0.09184092283248902},"rotation":{"x":-0.041878167539834979,"y":-0.9578871726989746,"z":0.18949958682060243,"w":-0.21163266897201539},"size":5.454517841339111,"orthographic":false}