{"cameraMode":{"drawMode":0,"name":"Shaded","section":"Shading Mode"},"sceneLighting":false,"audioPlay":false,"sceneViewState":{"showFog":true,"showMaterialUpdate":false,"showSkybox":true,"showFlares":true,"showImageEffects":true,"showParticleSystems":true},"in2DMode":false,"pivot":{"x":0.09497103095054627,"y":1.0328636169433594,"z":0.22738778591156007},"rotation":{"x":-0.01375771127641201,"y":0.9734886288642883,"z":-0.22005364298820496,"w":-0.06088530644774437},"size":6.241075038909912,"orthographic":false}