{"cameraMode":{"drawMode":0,"name":"Shaded","section":"Shading Mode"},"sceneLighting":false,"audioPlay":false,"sceneViewState":{"showFog":true,"showMaterialUpdate":false,"showSkybox":true,"showFlares":true,"showImageEffects":true,"showParticleSystems":true},"in2DMode":false,"pivot":{"x":-0.0471855029463768,"y":2.107154607772827,"z":-0.3847748637199402},"rotation":{"x":0.13870401680469514,"y":0.8405187726020813,"z":-0.25476908683776858,"w":0.45758292078971865},"size":7.185232162475586,"orthographic":false}