{"cameraMode":{"drawMode":0,"name":"Shaded","section":"Shading Mode"},"sceneLighting":false,"audioPlay":false,"sceneViewState":{"showFog":true,"showMaterialUpdate":false,"showSkybox":true,"showFlares":true,"showImageEffects":true,"showParticleSystems":true},"in2DMode":false,"pivot":{"x":-0.13550275564193726,"y":3.3967301845550539,"z":0.5218250751495361},"rotation":{"x":0.0027621621266007425,"y":-0.5506864190101624,"z":0.0018231457797810436,"w":0.834705650806427},"size":15.57506275177002,"orthographic":false}