{"cameraMode":{"drawMode":0,"name":"Shaded","section":"Shading Mode"},"sceneLighting":false,"audioPlay":false,"sceneViewState":{"showFog":true,"showMaterialUpdate":false,"showSkybox":true,"showFlares":true,"showImageEffects":true,"showParticleSystems":true},"in2DMode":false,"pivot":{"x":0.03910493850708008,"y":4.79931640625,"z":-0.5658767223358154},"rotation":{"x":-0.051613952964544299,"y":-0.9349955320358276,"z":0.3158873915672302,"w":-0.1527559757232666},"size":37.338985443115237,"orthographic":false}