{"cameraMode":{"drawMode":0,"name":"Shaded","section":"Shading Mode"},"sceneLighting":false,"audioPlay":false,"sceneViewState":{"showFog":true,"showMaterialUpdate":false,"showSkybox":true,"showFlares":true,"showImageEffects":true,"showParticleSystems":true},"in2DMode":false,"pivot":{"x":-0.13550275564193726,"y":3.4067304134368898,"z":0.5118250846862793},"rotation":{"x":-0.006345726549625397,"y":-0.9739348292350769,"z":-0.027462853118777276,"w":0.2250698357820511},"size":15.57506275177002,"orthographic":false}