{"cameraMode":{"drawMode":0,"name":"Shaded","section":"Shading Mode"},"sceneLighting":false,"audioPlay":false,"sceneViewState":{"showFog":true,"showMaterialUpdate":false,"showSkybox":true,"showFlares":true,"showImageEffects":true,"showParticleSystems":true},"in2DMode":false,"pivot":{"x":84.33879089355469,"y":13.63448715209961,"z":32.10353088378906},"rotation":{"x":-0.21462984383106233,"y":0.5023452043533325,"z":-0.13031655550003053,"w":-0.827406108379364},"size":2.2863121032714845,"orthographic":false}