{"cameraMode":{"drawMode":0,"name":"Shaded","section":"Shading Mode"},"sceneLighting":false,"audioPlay":false,"sceneViewState":{"showFog":true,"showMaterialUpdate":false,"showSkybox":true,"showFlares":true,"showImageEffects":true,"showParticleSystems":true},"in2DMode":false,"pivot":{"x":0.31910479068756106,"y":2.7508010864257814,"z":-0.1453108787536621},"rotation":{"x":0.0438036173582077,"y":-0.5896816849708557,"z":0.03206133469939232,"w":0.8058094382286072},"size":16.994281768798829,"orthographic":false}