{"cameraMode":{"drawMode":0,"name":"Shaded","section":"Shading Mode"},"sceneLighting":false,"audioPlay":false,"sceneViewState":{"showFog":true,"showMaterialUpdate":false,"showSkybox":true,"showFlares":true,"showImageEffects":true,"showParticleSystems":true},"in2DMode":false,"pivot":{"x":0.008949190378189087,"y":0.7680189609527588,"z":0.04414713382720947},"rotation":{"x":0.017928553745150567,"y":-0.9816077947616577,"z":0.14866816997528077,"w":0.1184164434671402},"size":4.891632556915283,"orthographic":false}