{"cameraMode":{"drawMode":0,"name":"Shaded","section":"Shading Mode"},"sceneLighting":false,"audioPlay":false,"sceneViewState":{"showFog":true,"showMaterialUpdate":false,"showSkybox":true,"showFlares":true,"showImageEffects":true,"showParticleSystems":true},"in2DMode":false,"pivot":{"x":0.275269091129303,"y":1.2121914625167847,"z":0.3176354169845581},"rotation":{"x":0.04255364462733269,"y":0.957120418548584,"z":-0.18934932351112367,"w":0.21507340669631959},"size":6.370909690856934,"orthographic":false}