{"cameraMode":{"drawMode":0,"name":"Shaded","section":"Shading Mode"},"sceneLighting":false,"audioPlay":false,"sceneViewState":{"showFog":true,"showMaterialUpdate":false,"showSkybox":true,"showFlares":true,"showImageEffects":true,"showParticleSystems":true},"in2DMode":false,"pivot":{"x":-1.9839191436767579,"y":7.672693252563477,"z":-0.5155849456787109},"rotation":{"x":-0.0006480197189375758,"y":-0.9941226243972778,"z":0.10809648036956787,"w":-0.005911842454224825},"size":30.581613540649415,"orthographic":false}