{"cameraMode":{"drawMode":0,"name":"Shaded","section":"Shading Mode"},"sceneLighting":false,"audioPlay":false,"sceneViewState":{"showFog":true,"showMaterialUpdate":false,"showSkybox":true,"showFlares":true,"showImageEffects":true,"showParticleSystems":true},"in2DMode":false,"pivot":{"x":1.8036580085754395,"y":5.944297790527344,"z":0.5178799629211426},"rotation":{"x":-0.11227206885814667,"y":-0.8648928999900818,"z":0.22297057509422303,"w":-0.43547606468200686},"size":21.103130340576173,"orthographic":false}