{"cameraMode":{"drawMode":0,"name":"Shaded","section":"Shading Mode"},"sceneLighting":false,"audioPlay":false,"sceneViewState":{"showFog":true,"showMaterialUpdate":false,"showSkybox":true,"showFlares":true,"showImageEffects":true,"showParticleSystems":true},"in2DMode":false,"pivot":{"x":0.0,"y":0.7803717851638794,"z":-0.03663814067840576},"rotation":{"x":-0.017222335562109948,"y":0.9777917861938477,"z":-0.18887051939964295,"w":-0.0891880989074707},"size":4.497102737426758,"orthographic":false}