{"cameraMode":{"drawMode":0,"name":"Shaded","section":"Shading Mode"},"sceneLighting":false,"audioPlay":false,"sceneViewState":{"showFog":true,"showMaterialUpdate":false,"showSkybox":true,"showFlares":true,"showImageEffects":true,"showParticleSystems":true},"in2DMode":false,"pivot":{"x":13.030975341796875,"y":1.2998878955841065,"z":16.924877166748048},"rotation":{"x":0.25529730319976809,"y":0.6857053637504578,"z":-0.282107412815094,"w":0.6205214262008667},"size":14.715155601501465,"orthographic":false}