{"cameraMode":{"drawMode":0,"name":"Shaded","section":"Shading Mode"},"sceneLighting":false,"audioPlay":false,"sceneViewState":{"showFog":true,"showMaterialUpdate":false,"showSkybox":true,"showFlares":true,"showImageEffects":true,"showParticleSystems":true},"in2DMode":false,"pivot":{"x":99.01591491699219,"y":10.308757781982422,"z":125.28546142578125},"rotation":{"x":0.13011159002780915,"y":-0.7045658230781555,"z":0.13390614092350007,"w":0.6846364736557007},"size":6.21625280380249,"orthographic":false}