{"cameraMode":{"drawMode":0,"name":"Shaded","section":"Shading Mode"},"sceneLighting":false,"audioPlay":false,"sceneViewState":{"showFog":true,"showMaterialUpdate":false,"showSkybox":true,"showFlares":true,"showImageEffects":true,"showParticleSystems":true},"in2DMode":false,"pivot":{"x":-4.575565338134766,"y":5.3327860832214359,"z":4.619189262390137},"rotation":{"x":-0.011335504241287709,"y":-0.9873889088630676,"z":0.08344445377588272,"w":-0.13405805826187135},"size":19.62876319885254,"orthographic":false}