{"cameraMode":{"drawMode":0,"name":"Shaded","section":"Shading Mode"},"sceneLighting":false,"audioPlay":false,"sceneViewState":{"showFog":true,"showMaterialUpdate":false,"showSkybox":true,"showFlares":true,"showImageEffects":true,"showParticleSystems":true},"in2DMode":false,"pivot":{"x":56.85639190673828,"y":0.3499999940395355,"z":70.41397857666016},"rotation":{"x":-0.21462984383106233,"y":0.5023452043533325,"z":-0.13031655550003053,"w":-0.827406108379364},"size":5.034533500671387,"orthographic":false}