{"cameraMode":{"drawMode":0,"name":"Shaded","section":"Shading Mode"},"sceneLighting":false,"audioPlay":false,"sceneViewState":{"showFog":true,"showMaterialUpdate":false,"showSkybox":true,"showFlares":true,"showImageEffects":true,"showParticleSystems":true},"in2DMode":false,"pivot":{"x":13.030975341796875,"y":1.2998878955841065,"z":16.924877166748048},"rotation":{"x":0.14230366051197053,"y":-0.8434025645256043,"z":0.2723187208175659,"w":0.4407542645931244},"size":17.972858428955079,"orthographic":false}