{"cameraMode":{"drawMode":0,"name":"Shaded","section":"Shading Mode"},"sceneLighting":false,"audioPlay":false,"sceneViewState":{"showFog":true,"showMaterialUpdate":false,"showSkybox":true,"showFlares":true,"showImageEffects":true,"showParticleSystems":true},"in2DMode":false,"pivot":{"x":-0.0000014603137969970704,"y":0.3282743990421295,"z":1.4901161193847657e-8},"rotation":{"x":-0.0009101430187001824,"y":-0.9920399785041809,"z":-0.007131682708859444,"w":0.1257178634405136},"size":1.8917052745819092,"orthographic":false}