{"cameraMode":{"drawMode":0,"name":"Shaded","section":"Shading Mode"},"sceneLighting":false,"audioPlay":false,"sceneViewState":{"showFog":true,"showMaterialUpdate":false,"showSkybox":true,"showFlares":true,"showImageEffects":true,"showParticleSystems":true},"in2DMode":false,"pivot":{"x":-2.228726863861084,"y":0.553006649017334,"z":0.22232604026794434},"rotation":{"x":-0.06514665484428406,"y":0.9184818267822266,"z":-0.3507741689682007,"w":-0.1706008017063141},"size":6.213371276855469,"orthographic":false}