{"cameraMode":{"drawMode":0,"name":"Shaded","section":"Shading Mode"},"sceneLighting":false,"audioPlay":false,"sceneViewState":{"showFog":true,"showMaterialUpdate":false,"showSkybox":true,"showFlares":true,"showImageEffects":true,"showParticleSystems":true},"in2DMode":false,"pivot":{"x":-0.027108848094940187,"y":0.769900918006897,"z":0.24660611152648927},"rotation":{"x":-0.01375771127641201,"y":0.9734886288642883,"z":-0.22005364298820496,"w":-0.06088530644774437},"size":4.214736461639404,"orthographic":false}