{"cameraMode":{"drawMode":0,"name":"Shaded","section":"Shading Mode"},"sceneLighting":false,"audioPlay":false,"sceneViewState":{"showFog":true,"showMaterialUpdate":false,"showSkybox":true,"showFlares":true,"showImageEffects":true,"showParticleSystems":true},"in2DMode":false,"pivot":{"x":2.6428511142730715,"y":1.201704740524292,"z":1.7741775512695313},"rotation":{"x":-0.04540907219052315,"y":0.9393379092216492,"z":-0.3110904097557068,"w":-0.1371317207813263},"size":3.686640739440918,"orthographic":false}