{"cameraMode":{"drawMode":0,"name":"Shaded","section":"Shading Mode"},"sceneLighting":false,"audioPlay":false,"sceneViewState":{"showFog":true,"showMaterialUpdate":false,"showSkybox":true,"showFlares":true,"showImageEffects":true,"showParticleSystems":true},"in2DMode":false,"pivot":{"x":-0.8670265674591065,"y":3.8807592391967775,"z":-0.40987443923950198},"rotation":{"x":-0.25632503628730776,"y":0.23284922540187837,"z":-0.06377450376749039,"w":-0.9359549283981323},"size":19.816877365112306,"orthographic":false}