{"cameraMode":{"drawMode":0,"name":"Shaded","section":"Shading Mode"},"sceneLighting":false,"audioPlay":false,"sceneViewState":{"showFog":true,"showMaterialUpdate":false,"showSkybox":true,"showFlares":true,"showImageEffects":true,"showParticleSystems":true},"in2DMode":false,"pivot":{"x":127.7214126586914,"y":2.849860191345215,"z":140.74478149414063},"rotation":{"x":0.0438036173582077,"y":-0.5896816849708557,"z":0.03206133469939232,"w":0.8058094382286072},"size":22.349416732788087,"orthographic":false}