{"cameraMode":{"drawMode":0,"name":"Shaded","section":"Shading Mode"},"sceneLighting":false,"audioPlay":false,"sceneViewState":{"showFog":true,"showMaterialUpdate":false,"showSkybox":true,"showFlares":true,"showImageEffects":true,"showParticleSystems":true},"in2DMode":false,"pivot":{"x":-4.49958610534668,"y":8.24288558959961,"z":4.524441242218018},"rotation":{"x":-0.20177629590034486,"y":-0.7484689354896545,"z":0.2629197835922241,"w":-0.5744160413742065},"size":13.43372631072998,"orthographic":false}