{"cameraMode":{"drawMode":0,"name":"Shaded","section":"Shading Mode"},"sceneLighting":false,"audioPlay":false,"sceneViewState":{"showFog":true,"showMaterialUpdate":false,"showSkybox":true,"showFlares":true,"showImageEffects":true,"showParticleSystems":true},"in2DMode":false,"pivot":{"x":0.0035595595836639406,"y":0.8056613206863403,"z":0.0910104513168335},"rotation":{"x":0.06407025456428528,"y":0.9228783845901489,"z":-0.33667731285095217,"w":0.1756102293729782},"size":1.972870111465454,"orthographic":false}