{"cameraMode":{"drawMode":0,"name":"Shaded","section":"Shading Mode"},"sceneLighting":false,"audioPlay":false,"sceneViewState":{"showFog":true,"showMaterialUpdate":false,"showSkybox":true,"showFlares":true,"showImageEffects":true,"showParticleSystems":true},"in2DMode":false,"pivot":{"x":-3.7022340297698976,"y":1.9524779319763184,"z":-0.7778026461601257},"rotation":{"x":0.2782948911190033,"y":0.21777962148189546,"z":-0.06493722647428513,"w":0.9332241415977478},"size":5.350956916809082,"orthographic":false}