{"cameraMode":{"drawMode":0,"name":"Shaded","section":"Shading Mode"},"sceneLighting":false,"audioPlay":false,"sceneViewState":{"showFog":true,"showMaterialUpdate":false,"showSkybox":true,"showFlares":true,"showImageEffects":true,"showParticleSystems":true},"in2DMode":false,"pivot":{"x":0.008639812469482422,"y":0.8485885858535767,"z":0.2302989959716797},"rotation":{"x":0.1917170137166977,"y":0.09382320940494538,"z":-0.01840810850262642,"w":0.976781964302063},"size":5.1342363357543949,"orthographic":false}