{"cameraMode":{"drawMode":0,"name":"Shaded","section":"Shading Mode"},"sceneLighting":false,"audioPlay":false,"sceneViewState":{"showFog":true,"showMaterialUpdate":false,"showSkybox":true,"showFlares":true,"showImageEffects":true,"showParticleSystems":true},"in2DMode":false,"pivot":{"x":0.08932149410247803,"y":2.708284854888916,"z":1.0936254262924195},"rotation":{"x":-0.006345726549625397,"y":-0.9739348292350769,"z":-0.027462853118777276,"w":0.2250698357820511},"size":17.2769832611084,"orthographic":false}