{"cameraMode":{"drawMode":0,"name":"Shaded","section":"Shading Mode"},"sceneLighting":false,"audioPlay":false,"sceneViewState":{"showFog":true,"showMaterialUpdate":false,"showSkybox":true,"showFlares":true,"showImageEffects":true,"showParticleSystems":true},"in2DMode":false,"pivot":{"x":-0.40294361114501955,"y":8.652719497680664,"z":-2.0722713470458986},"rotation":{"x":0.06286333501338959,"y":0.9329793453216553,"z":-0.2919905483722687,"w":0.20084652304649354},"size":35.08790969848633,"orthographic":false}