{"cameraMode":{"drawMode":0,"name":"Shaded","section":"Shading Mode"},"sceneLighting":false,"audioPlay":false,"sceneViewState":{"showFog":true,"showMaterialUpdate":false,"showSkybox":true,"showFlares":true,"showImageEffects":true,"showParticleSystems":true},"in2DMode":false,"pivot":{"x":0.0609779953956604,"y":0.5205349922180176,"z":0.7165367603302002},"rotation":{"x":0.022521046921610833,"y":0.9464080929756165,"z":-0.3150067925453186,"w":0.06764165312051773},"size":3.860865354537964,"orthographic":false}