{"cameraMode":{"drawMode":0,"name":"Shaded","section":"Shading Mode"},"sceneLighting":false,"audioPlay":false,"sceneViewState":{"showFog":true,"showMaterialUpdate":false,"showSkybox":true,"showFlares":true,"showImageEffects":true,"showParticleSystems":true},"in2DMode":false,"pivot":{"x":-3.9054946899414064,"y":1.8051087856292725,"z":5.618926048278809},"rotation":{"x":-0.07315582782030106,"y":0.9102956652641296,"z":-0.1829269975423813,"w":-0.3640710711479187},"size":12.80850601196289,"orthographic":false}