{"cameraMode":{"drawMode":0,"name":"Shaded","section":"Shading Mode"},"sceneLighting":false,"audioPlay":false,"sceneViewState":{"showFog":true,"showMaterialUpdate":false,"showSkybox":true,"showFlares":true,"showImageEffects":true,"showParticleSystems":true},"in2DMode":false,"pivot":{"x":138.3988037109375,"y":3.229766845703125,"z":151.007080078125},"rotation":{"x":0.0438036173582077,"y":-0.5896816849708557,"z":0.03206133469939232,"w":0.8058094382286072},"size":32.89719772338867,"orthographic":false}