{"cameraMode":{"drawMode":0,"name":"Shaded","section":"Shading Mode"},"sceneLighting":false,"audioPlay":false,"sceneViewState":{"showFog":true,"showMaterialUpdate":false,"showSkybox":true,"showFlares":true,"showImageEffects":true,"showParticleSystems":true},"in2DMode":false,"pivot":{"x":0.0014277398586273194,"y":0.8757231831550598,"z":0.13687890768051148},"rotation":{"x":0.034505341202020648,"y":-0.7556391358375549,"z":0.03994680196046829,"w":0.6528577208518982},"size":11.827049255371094,"orthographic":false}